Name|Total rule apps|Nodes|Branches|Overall time (ms)|Automode time (ms)|Closed|Time per step (ms)|Total Runtime Memory (kB)
examples/InformationFlow/ToyVoting/Voter(Voter__insecure_voting()).JML normal_behavior operation contract.0.key|837|316|17|1388|1188|1|3.7714285850524902|52104
examples/InformationFlow/ToyVoting/Voter(Voter__publishVoterParticipation()).JML normal_behavior operation contract.0.key|83|45|2|124|87|1|1.9772727489471436|55481
examples/InformationFlow/ToyVoting/Voter(Voter__isValid(int)).JML normal_behavior operation contract.0.key|135|68|2|246|133|1|1.9850746393203735|57748
examples/InformationFlow/ToyVoting/Voter(Voter__sendVote(int)).JML normal_behavior operation contract.0.key|77|47|2|125|44|1|0.95652174949646|59401
examples/InformationFlow/ToyVoting/Voter(Voter__inputVote()).JML normal_behavior operation contract.0.key|42|29|1|115|27|1|0.9642857313156128|61340
examples/InformationFlow/ToyVoting/Voter(Voter__secure_voting()).JML normal_behavior operation contract.0.key|1364|560|19|1028|996|1|1.7817531824111938|70452
examples/InformationFlow/ConditionalConfidential/CCExample(CCExample__hasAccessRight(CCExample.User)).JML normal_behavior operation contract.0.key|1665|910|15|3064|2842|1|3.1265127658843994|60611
examples/InformationFlow/ConditionalConfidential/CCExample(CCExample__getConfidentialData(CCExample.User)).JML normal_behavior operation contract.0.key|713|421|5|735|662|1|1.57619047164917|59768
examples/InformationFlow/Sum/SumExample(SumExample__getSum()).JML normal_behavior operation contract.0.key|694|360|9|1587|1355|1|3.7743732929229736|52935
examples/InformationFlow/ToyBanking/banking_example.UserAccount(banking_example.UserAccount__getBankAccount(int)).JML normal_behavior operation contract.0.key|659|457|6|1680|1434|1|3.1447367668151855|59425
examples/InformationFlow/ToyBanking/banking_example.UserAccount(banking_example.UserAccount__tryLogin(int,(C)).JML normal_behavior operation contract.0.key|11837|8989|29|29722|29622|1|3.2957277297973633|106870
examples/InformationFlow/ToyBanking/banking_example.UserAccount(java.lang.Object___inv_()).JML accessible clause.0.key|3850|3472|12|7219|7096|1|2.044367551803589|90108
examples/InformationFlow/ToyBanking/banking_example.BankAccount(banking_example.BankAccount__depositMoney(int)).JML normal_behavior operation contract.0.key|446|309|3|420|325|1|1.0551948547363281|70088
examples/InformationFlow/ToyBanking/banking_example.BankAccount(banking_example.BankAccount__getBalance()).JML normal_behavior operation contract.0.key|51|28|1|116|40|1|1.4814814329147339|68822
examples/InformationFlow/ToyBanking/banking_example.BankAccount(banking_example.BankAccount__getId()).JML normal_behavior operation contract.0.key|51|28|1|119|22|1|0.8148148059844971|70963
examples/InformationFlow/ToyBanking/banking_example.Bank(banking_example.Bank__login(int,(C)).JML normal_behavior operation contract.0.key|6215|4257|36|8177|8092|1|1.9013158082962036|94199
examples/InformationFlow/ToyBanking/banking_example2.UserAccount(banking_example2.UserAccount__getBankAccount(int)).JML normal_behavior operation contract.0.key|665|463|6|521|403|1|0.8722943663597107|79200
examples/InformationFlow/ToyBanking/banking_example2.UserAccount(banking_example2.UserAccount__tryLogin(int,(C)).JML normal_behavior operation contract.0.key|11782|8953|29|27030|26930|1|3.0082662105560303|121400
examples/InformationFlow/ToyBanking/banking_example2.UserAccount(java.lang.Object___inv_()).JML accessible clause.0.key|3689|3363|11|5803|5701|0|1.6957168579101562|103784
examples/InformationFlow/ToyBanking/banking_example2.BankAccount(banking_example2.BankAccount__depositMoney(int)).JML normal_behavior operation contract.0.key|446|309|3|315|281|1|0.9123376607894897|89283
examples/InformationFlow/ToyBanking/banking_example2.BankAccount(banking_example2.BankAccount__getBalance()).JML normal_behavior operation contract.0.key|51|28|1|116|20|1|0.7407407164573669|83731
examples/InformationFlow/ToyBanking/banking_example2.BankAccount(banking_example2.BankAccount__getId()).JML normal_behavior operation contract.0.key|51|28|1|123|20|1|0.7407407164573669|85859
examples/InformationFlow/ToyBanking/banking_example2.Bank(banking_example2.Bank__login(int,(C)).JML normal_behavior operation contract.0.key|3779|2394|30|3823|3790|1|1.5837860107421875|104185
examples/InformationFlow/BlockContracts/contract.IFBlockExamples(contract.IFBlockExamples__secure_5()).JML operation contract.0.key|262|113|6|764|553|1|4.9375|50397
examples/InformationFlow/BlockContracts/contract.IFBlockExamples(contract.IFBlockExamples__block_no_return_secure(int)).JML operation contract.0.key|225|87|4|328|226|1|2.6279070377349854|59301
examples/InformationFlow/BlockContracts/contract.IFBlockExamples(contract.IFBlockExamples__while_block_insecure(int)).JML operation contract.0.key|433|198|4|427|370|1|1.8781726360321045|62853
examples/InformationFlow/BlockContracts/contract.IFBlockExamples(contract.IFBlockExamples__while_block_secure(int)).JML operation contract.0.key|433|198|4|436|350|1|1.7766497135162354|66517
examples/InformationFlow/BlockContracts/contract.IFBlockExamples(contract.IFBlockExamples__block_while_secure(int)).JML operation contract.0.key|600|246|7|441|351|1|1.4326530694961548|69356
examples/InformationFlow/BlockContracts/contract.IFBlockExamples(contract.IFBlockExamples__insecure_4(int)).JML operation contract.0.key|831|305|14|517|411|1|1.3519736528396606|73149
examples/InformationFlow/BlockContracts/contract.IFBlockExamples(contract.IFBlockExamples__insecure_3(int)).JML operation contract.0.key|831|305|14|419|365|1|1.200657844543457|76156
examples/InformationFlow/BlockContracts/contract.IFBlockExamples(contract.IFBlockExamples__secure_3(int)).JML operation contract.0.key|831|305|14|421|367|1|1.207236886024475|78277
examples/InformationFlow/BlockContracts/contract.IFBlockExamples(contract.IFBlockExamples__secure_2(int)).JML operation contract.0.key|797|275|12|423|379|1|1.3832117319107056|80170
examples/InformationFlow/BlockContracts/contract.IFBlockExamples(contract.IFBlockExamples__secure_8(int)).JML operation contract.0.key|457|192|8|315|245|1|1.2827224731445312|80702
examples/InformationFlow/BlockContracts/contract.IFBlockExamples(contract.IFBlockExamples__secure_7(int)).JML operation contract.0.key|336|120|6|216|127|1|1.0672268867492676|80305
examples/InformationFlow/BlockContracts/contract.IFBlockExamples(contract.IFBlockExamples__secure_6(int)).JML operation contract.0.key|345|125|6|223|126|1|1.0161290168762207|81277
examples/InformationFlow/BlockContracts/contract.IFBlockExamples(contract.IFBlockExamples__insecure_1(int)).JML operation contract.0.key|345|125|6|212|132|1|1.0645161867141724|83438
examples/InformationFlow/BlockContracts/contract.IFBlockExamples(contract.IFBlockExamples__secure_4(int)).JML operation contract.0.key|379|143|6|213|155|1|1.091549277305603|85790
examples/InformationFlow/BlockContracts/contract.IFBlockExamples(contract.IFBlockExamples__secure_1(int)).JML operation contract.0.key|393|147|7|215|161|1|1.102739691734314|88223
examples/InformationFlow/BlockContracts/contract.IFEfficiencyExamples(contract.IFEfficiencyExamples__mWithoutBlockContract()).JML operation contract.0.key|1577|673|18|821|798|1|1.1875|97296
examples/InformationFlow/BlockContracts/contract.IFEfficiencyExamples(contract.IFEfficiencyExamples__mWithBlockContract()).JML operation contract.0.key|1333|550|21|617|520|1|0.9471766948699951|94489
examples/InformationFlow/MethodContracts/contract.IFMethodContract(contract.IFMethodContract__secure_recursion_2((I,int)).JML normal_behavior operation contract.0.key|560|241|8|1386|1080|1|4.5|51728
examples/InformationFlow/MethodContracts/contract.IFMethodContract(contract.IFMethodContract__secure_recursion(int)).JML normal_behavior operation contract.0.key|269|142|5|221|167|1|1.1843972206115723|57161
examples/InformationFlow/MethodContracts/contract.IFMethodContract(contract.IFMethodContract__secure_catch_exception()).JML operation contract.0.key|336|111|5|352|223|1|2.0272727012634277|59189
examples/InformationFlow/MethodContracts/contract.IFMethodContract(contract.IFMethodContract__n6()).JML normal_behavior operation contract.0.key|81|42|2|124|51|1|1.2439024448394775|60161
examples/InformationFlow/MethodContracts/contract.IFMethodContract(contract.IFMethodContract__secure_n6()).JML operation contract.0.key|103|43|3|119|43|1|1.023809552192688|63081
examples/InformationFlow/MethodContracts/contract.IFMethodContract(contract.IFMethodContract__secure_array_param_helper()).JML normal_behavior operation contract.0.key|65|24|1|115|26|1|1.1304347515106201|64941
examples/InformationFlow/MethodContracts/contract.IFMethodContract(contract.IFMethodContract__secure_array_param((I,int)).JML operation contract.0.key|217|104|5|218|102|1|0.9902912378311157|67943
examples/InformationFlow/MethodContracts/contract.IFMethodContract(contract.IFMethodContract__n9()).JML normal_behavior operation contract.0.key|120|52|1|115|65|1|1.2745097875595093|69727
examples/InformationFlow/MethodContracts/contract.IFMethodContract(contract.IFMethodContract__secure_assignment_0_n9()).JML operation contract.0.key|195|70|3|113|80|1|1.1594202518463135|72071
examples/InformationFlow/MethodContracts/contract.IFMethodContract(contract.IFMethodContract__insecure_if_high_n5_n1()).JML operation contract.0.key|361|138|8|219|162|1|1.1824817657470703|74585
examples/InformationFlow/MethodContracts/contract.IFMethodContract(contract.IFMethodContract__n5(int)).JML normal_behavior operation contract.0.key|65|33|1|114|41|1|1.28125|75338
examples/InformationFlow/MethodContracts/contract.IFMethodContract(contract.IFMethodContract__secure_if_high_n5_n1()).JML operation contract.0.key|537|206|10|318|232|1|1.1317073106765747|79762
examples/InformationFlow/MethodContracts/contract.IFMethodContract(contract.IFMethodContract__secure_if_high_n1()).JML operation contract.0.key|347|137|6|214|137|1|1.0073529481887817|80819
examples/InformationFlow/MethodContracts/contract.IFMethodContract(contract.IFMethodContract__secure_n5()).JML operation contract.0.key|129|54|3|116|50|1|0.9433962106704712|81816
examples/InformationFlow/MethodContracts/contract.IFMethodContract(contract.IFMethodContract__n4()).JML normal_behavior operation contract.0.key|89|52|2|119|48|1|0.9411764740943909|83876
examples/InformationFlow/MethodContracts/contract.IFMethodContract(contract.IFMethodContract__n3()).JML normal_behavior operation contract.0.key|64|35|1|115|31|1|0.9117646813392639|85796
examples/InformationFlow/MethodContracts/contract.IFMethodContract(contract.IFMethodContract__secure_sequential_n3_precond_n4()).JML operation contract.0.key|221|86|5|118|70|1|0.8235294222831726|88586
examples/InformationFlow/MethodContracts/contract.IFMethodContract(contract.IFMethodContract__insecure_assignment_n2()).JML operation contract.0.key|139|51|3|115|44|1|0.8799999952316284|90075
examples/InformationFlow/MethodContracts/contract.IFMethodContract(contract.IFMethodContract__secure_assignments_n2()).JML operation contract.0.key|176|66|3|114|72|1|1.1076923608779907|92482
examples/InformationFlow/MethodContracts/contract.IFMethodContract(contract.IFMethodContract__n2()).JML normal_behavior operation contract.0.key|64|34|1|121|40|1|1.2121212482452393|93973
examples/InformationFlow/MethodContracts/contract.IFMethodContract(contract.IFMethodContract__n1()).JML normal_behavior operation contract.0.key|38|22|1|112|16|1|0.761904776096344|95868
examples/InformationFlow/MethodContracts/contract.IFMethodContract(contract.IFMethodContract__secure_sequential_n1_n2()).JML operation contract.0.key|174|65|5|120|54|1|0.84375|98477
examples/InformationFlow/LoopInvariants/loop.IFLoopExamples(loop.IFLoopExamples__insecure_while_3(int)).JML operation contract.0.key|617|280|4|1643|1414|1|5.068100452423096|53819
examples/InformationFlow/LoopInvariants/loop.IFLoopExamples(loop.IFLoopExamples__secure_while_2(int)).JML operation contract.0.key|617|280|4|743|666|1|2.387096881866455|60803
examples/InformationFlow/LoopInvariants/loop.IFLoopExamples(loop.IFLoopExamples__secure_while_4(int)).JML operation contract.0.key|617|280|4|530|452|1|1.6200716495513916|62920
examples/InformationFlow/LoopInvariants/loop.IFLoopExamples(loop.IFLoopExamples__insecure_doubleNestedWhile2(int)).JML operation contract.0.key|1345|602|10|1226|1164|1|1.9367719888687134|71876
examples/InformationFlow/LoopInvariants/loop.IFLoopExamples(loop.IFLoopExamples__insecure_doubleNestedWhile(int)).JML operation contract.0.key|1345|602|10|1130|1088|1|1.8103160858154297|73965
examples/InformationFlow/LoopInvariants/loop.IFLoopExamples(loop.IFLoopExamples__secure_doubleNestedWhile(int)).JML operation contract.0.key|1345|602|10|1120|1021|1|1.6988352537155151|76067
examples/InformationFlow/LoopInvariants/loop.IFLoopExamples(loop.IFLoopExamples__secure_nestedTwoWhile(int)).JML operation contract.0.key|1312|572|11|1021|912|1|1.5971978902816772|76902
examples/InformationFlow/LoopInvariants/loop.IFLoopExamples(loop.IFLoopExamples__secure_nestedWhile(int)).JML operation contract.0.key|874|376|7|615|508|1|1.3546667098999023|75223
examples/InformationFlow/LoopInvariants/loop.IFLoopExamples(loop.IFLoopExamples__notSecure_while(int)).JML operation contract.0.key|456|194|4|317|225|1|1.165803074836731|73802
examples/InformationFlow/LoopInvariants/loop.IFLoopExamples(loop.IFLoopExamples__notSecure_while_wrongInv(int)).JML operation contract.0.key|396|189|5|324|209|0|1.1117020845413208|75856
examples/InformationFlow/LoopInvariants/loop.IFLoopExamples(loop.IFLoopExamples__insecure_twoWhile(int)).JML operation contract.0.key|852|344|9|618|519|1|1.5131195783615112|83927
examples/InformationFlow/LoopInvariants/loop.IFLoopExamples(loop.IFLoopExamples__insecure_twoWhile_2(int)).JML operation contract.0.key|852|344|9|520|489|1|1.4256559610366821|82585
examples/InformationFlow/LoopInvariants/loop.IFLoopExamples(loop.IFLoopExamples__secure_twoWhile(int)).JML operation contract.0.key|852|344|9|518|460|1|1.3411078453063965|84684
examples/InformationFlow/LoopInvariants/loop.IFLoopExamples(loop.IFLoopExamples__loc_secure_while(int)).JML operation contract.0.key|471|200|4|319|238|1|1.1959799528121948|84500
examples/InformationFlow/LoopInvariants/loop.IFLoopExamples(loop.IFLoopExamples__secure_while(int)).JML operation contract.0.key|456|194|4|318|208|1|1.0777201652526855|86458
examples/InformationFlow/LoopInvariants/loop.IFLoopExamples(loop.IFLoopExamples__print(int)).JML normal_behavior operation contract.0.key|80|35|1|113|33|1|0.970588207244873|85890
examples/InformationFlow/LoopInvariants/loop.IFLoopExamples(loop.IFLoopExamples__hammer(int)).JML normal_behavior operation contract.0.key|736|343|8|413|390|1|1.1403508186340332|92114
examples/InformationFlow/MiniExamples/mini.AliasingExamples(mini.AliasingExamples__insecure_1(mini.AliasingExamples,mini.AliasingExamples,int)).JML operation contract.0.key|118|54|3|512|340|1|6.415094375610352|49563
examples/InformationFlow/MiniExamples/mini.AliasingExamples(mini.AliasingExamples__secure_1(mini.AliasingExamples,mini.AliasingExamples,int)).JML operation contract.0.key|125|61|3|223|114|1|1.899999976158142|56786
examples/InformationFlow/MiniExamples/mini.MiniExamplesLecture(mini.MiniExamplesLecture__m_6()).JML normal_behavior operation contract.0.key|39|26|2|129|59|1|2.359999895095825|58367
examples/InformationFlow/MiniExamples/mini.MiniExamplesLecture(mini.MiniExamplesLecture__m_5()).JML normal_behavior operation contract.0.key|119|58|1|229|154|1|2.701754331588745|61208
examples/InformationFlow/MiniExamples/mini.MiniExamplesLecture(mini.MiniExamplesLecture__m_4()).JML normal_behavior operation contract.0.key|87|41|1|120|76|1|1.899999976158142|63108
examples/InformationFlow/MiniExamples/mini.MiniExamplesLecture(mini.MiniExamplesLecture__m_3()).JML normal_behavior operation contract.0.key|137|70|2|118|96|1|1.39130437374115|65487
examples/InformationFlow/MiniExamples/mini.MiniExamplesLecture(mini.MiniExamplesLecture__m_2()).JML normal_behavior operation contract.0.key|137|70|2|115|96|1|1.39130437374115|67664
examples/InformationFlow/MiniExamples/mini.MiniExamplesLecture(mini.MiniExamplesLecture__m_1()).JML normal_behavior operation contract.0.key|52|28|1|116|68|1|2.5185184478759766|69348
examples/InformationFlow/MiniExamples/mini.DifferenceSeqLocset(mini.DifferenceSeqLocset__m()).JML normal_behavior operation contract.1.key|186|109|2|221|171|1|1.5833333730697632|72294
examples/InformationFlow/MiniExamples/mini.DifferenceSeqLocset(mini.DifferenceSeqLocset__m()).JML normal_behavior operation contract.0.key|186|109|2|217|114|1|1.0555555820465088|74489
examples/InformationFlow/MiniExamples/mini.MiniExamples(mini.MiniExamples__secure_p2_8()).JML normal_behavior operation contract.0.key|172|81|2|216|102|1|1.274999976158142|76513
examples/InformationFlow/MiniExamples/mini.MiniExamples(mini.MiniExamples__secure_parameter(int)).JML operation contract.0.key|73|36|1|119|44|1|1.2571429014205933|78198
examples/InformationFlow/MiniExamples/mini.MiniExamples(mini.MiniExamples__secure_p2_7()).JML normal_behavior operation contract.0.key|163|72|2|114|89|1|1.2535210847854614|80698
examples/InformationFlow/MiniExamples/mini.MiniExamples(mini.MiniExamples__insecure_p2_2()).JML normal_behavior operation contract.0.key|129|62|2|116|56|1|0.9180327653884888|82785
examples/InformationFlow/MiniExamples/mini.MiniExamples(mini.MiniExamples__secure_p2_6()).JML normal_behavior operation contract.0.key|39|26|2|114|17|1|0.6800000071525574|84519
examples/InformationFlow/MiniExamples/mini.MiniExamples(mini.MiniExamples__secure_p2_5()).JML normal_behavior operation contract.0.key|119|58|1|114|63|1|1.105263113975525|87350
examples/InformationFlow/MiniExamples/mini.MiniExamples(mini.MiniExamples__secure_p2_4()).JML normal_behavior operation contract.0.key|88|42|1|116|77|1|1.8780487775802612|89258
examples/InformationFlow/MiniExamples/mini.MiniExamples(mini.MiniExamples__secure_p2_3()).JML normal_behavior operation contract.0.key|71|35|1|114|39|1|1.1470588445663452|91231
examples/InformationFlow/MiniExamples/mini.MiniExamples(mini.MiniExamples__secure_p2_2()).JML normal_behavior operation contract.0.key|51|27|1|118|23|1|0.8846153616905212|93297
examples/InformationFlow/MiniExamples/mini.MiniExamples(mini.MiniExamples__secure_p2_1()).JML normal_behavior operation contract.0.key|52|28|1|112|28|1|1.0370370149612427|95485
examples/InformationFlow/MiniExamples/mini.MiniExamples(mini.MiniExamples__insecure_p2_1()).JML normal_behavior operation contract.0.key|52|28|1|116|23|1|0.8518518805503845|97660
examples/InformationFlow/MiniExamples/mini.MiniExamples(mini.MiniExamples__secure_p1_6()).JML normal_behavior operation contract.0.key|76|43|1|114|40|1|0.9523809552192688|100108
examples/InformationFlow/MiniExamples/mini.MiniExamples(mini.MiniExamples__secure_p1_5()).JML normal_behavior operation contract.0.key|173|84|2|114|80|1|0.9638554453849792|102683
examples/InformationFlow/MiniExamples/mini.MiniExamples(mini.MiniExamples__secure_p1_4()).JML normal_behavior operation contract.0.key|153|77|2|116|79|1|1.0394736528396606|104903
examples/InformationFlow/MiniExamples/mini.MiniExamples(mini.MiniExamples__secure_p1_3()).JML normal_behavior operation contract.0.key|87|41|1|112|36|1|0.8999999761581421|106656
examples/InformationFlow/MiniExamples/mini.MiniExamples(mini.MiniExamples__secure_p1_2()).JML normal_behavior operation contract.0.key|175|84|2|116|76|1|0.9156626462936401|109184
examples/InformationFlow/MiniExamples/mini.MiniExamples(mini.MiniExamples__secure_p1_1()).JML normal_behavior operation contract.1.key|137|70|2|111|58|1|0.8405796885490417|111202
examples/InformationFlow/MiniExamples/mini.MiniExamples(mini.MiniExamples__secure_p1_1()).JML normal_behavior operation contract.0.key|137|70|2|113|68|1|0.9855072498321533|113378
examples/InformationFlow/MiniExamples/mini.MiniExamples(mini.MiniExamples__insecure_p1_2()).JML normal_behavior operation contract.0.key|137|70|2|115|72|1|1.04347825050354|115553
examples/InformationFlow/MiniExamples/mini.MiniExamples(mini.MiniExamples__insecure_p1_1()).JML normal_behavior operation contract.0.key|52|28|1|111|21|1|0.7777777910232544|117234
examples/InformationFlow/NewObjects/object.AmtoftBanerjee3(object.AmtoftBanerjee3__m()).JML operation contract.0.key|105|52|2|807|504|1|9.882352828979492|50634
examples/InformationFlow/NewObjects/object.AmtoftBanerjee(object.AmtoftBanerjee__m_2()).JML normal_behavior operation contract.0.key|526|243|7|947|800|1|3.3057851791381836|60406
examples/InformationFlow/NewObjects/object.AmtoftBanerjee(object.AmtoftBanerjee__m_1()).JML normal_behavior operation contract.1.key|359|156|6|326|271|1|1.748387098312378|61407
examples/InformationFlow/NewObjects/object.AmtoftBanerjee(object.AmtoftBanerjee__m_1()).JML normal_behavior operation contract.0.key|359|156|6|326|207|1|1.3354839086532593|63635
examples/InformationFlow/NewObjects/object.AmtoftBanerjee(object.AmtoftBanerjee__getQ()).JML normal_behavior operation contract.0.key|63|29|1|122|41|1|1.4642857313156128|64300
examples/InformationFlow/NewObjects/object.Naumann(object.Naumann__Pair_m(int,int)).JML operation contract.0.key|2199|1104|27|2085|2044|1|1.8531278371810913|79562
examples/InformationFlow/NewObjects/object.ObjectOrientation(object.ObjectOrientation__secure_while_i((Ljava.lang.Object)).JML operation contract.0.key|1191|499|13|719|695|1|1.3955823183059692|88124
examples/InformationFlow/NewObjects/object.ObjectOrientation(object.ObjectOrientation__secure_method_call()).JML operation contract.0.key|236|120|3|215|115|1|0.9663865566253662|73021
examples/InformationFlow/NewObjects/object.ObjectOrientation(object.ObjectOrientation__if_two_object_creation_next()).JML operation contract.1.key|1439|715|8|1323|1276|1|1.7871148586273193|84847
examples/InformationFlow/NewObjects/object.ObjectOrientation(object.ObjectOrientation__if_two_object_creation_next()).JML operation contract.0.key|1439|715|8|1143|1102|1|1.5434173345565796|87060
examples/InformationFlow/NewObjects/object.ObjectOrientation(object.ObjectOrientation__secure_if_two_object_creation()).JML operation contract.0.key|1311|662|8|1125|1033|1|1.5627837181091309|87969
examples/InformationFlow/NewObjects/object.ObjectOrientation(object.ObjectOrientation__insecure_two_object_creation()).JML operation contract.0.key|966|494|6|824|714|1|1.4482758045196533|88576
examples/InformationFlow/NewObjects/object.ObjectOrientation(object.ObjectOrientation__secure_two_object_creation()).JML normal_behavior operation contract.0.key|649|338|4|516|439|1|1.3026705980300903|88174
examples/InformationFlow/NewObjects/object.ObjectOrientation(object.ObjectOrientation__insecure_object_assignment()).JML operation contract.1.key|102|54|1|115|44|1|0.8301886916160583|86156
examples/InformationFlow/NewObjects/object.ObjectOrientation(object.ObjectOrientation__insecure_object_assignment()).JML operation contract.0.key|102|54|1|115|43|1|0.8113207817077637|89094
examples/InformationFlow/NewObjects/object.ObjectOrientation(object.ObjectOrientation__secure_object_creation_3()).JML operation contract.0.key|324|174|2|319|250|1|1.4450867176055908|92090
examples/InformationFlow/NewObjects/object.ObjectOrientation(object.ObjectOrientation__secure_object_creation_2()).JML operation contract.0.key|324|174|2|217|193|1|1.1156069040298462|94331
examples/InformationFlow/NewObjects/object.ObjectOrientation(object.ObjectOrientation__secure_object_creation()).JML operation contract.0.key|324|174|2|317|219|1|1.265895962715149|96530
examples/InformationFlow/NewObjects/object.AmtoftBanerjee2(object.AmtoftBanerjee2__expensive(int)).JML accessible clause.0.key|66|46|1|113|29|1|0.644444465637207|97083
examples/InformationFlow/NewObjects/object.AmtoftBanerjee2(object.AmtoftBanerjee2__expensive(int)).JML normal_behavior operation contract.0.key|103|54|2|112|41|1|0.7735849022865295|100148
examples/InformationFlow/NewObjects/object.AmtoftBanerjee2(object.AmtoftBanerjee2__cexp(int)).JML normal_behavior operation contract.0.key|628|289|10|416|380|1|1.3194444179534912|105330
examples/InformationFlow/PasswordFile/passwordfile.SecurePasswordFile(passwordfile.SecurePasswordFile___userIndex()).JML accessible clause.0.key|151|137|1|216|104|0|0.7647058963775635|105640
examples/InformationFlow/SimpleEvoting/simple_evoting.Environment(simple_evoting.Environment__untrustedOutputMessage((B)).JML normal_behavior operation contract.0.key|1046|446|15|1957|1642|1|3.689887523651123|60229
examples/InformationFlow/SimpleEvoting/simple_evoting.Environment(simple_evoting.Environment__untrustedInputMessage((B)).JML normal_behavior operation contract.0.key|946|388|11|831|750|1|1.9379844665527344|67368
examples/InformationFlow/SimpleEvoting/simple_evoting.Environment(simple_evoting.Environment__untrustedInputMessage()).JML normal_behavior operation contract.0.key|2312|1482|42|1643|1544|1|1.0425388813018799|76344
examples/InformationFlow/SimpleEvoting/simple_evoting.Environment(simple_evoting.Environment__untrustedOutput(int)).JML normal_behavior operation contract.0.key|51|14|1|119|17|1|1.307692289352417|78942
examples/InformationFlow/SimpleEvoting/simple_evoting.Environment(simple_evoting.Environment__untrustedInput(int)).JML normal_behavior operation contract.0.key|15|14|1|135|18|0|1.384615421295166|70018
examples/InformationFlow/SimpleEvoting/simple_evoting.Environment(simple_evoting.Environment__untrustedInput()).JML normal_behavior operation contract.0.key|6|6|1|118|9|0|1.7999999523162842|72180
examples/InformationFlow/SimpleEvoting/simple_evoting.Environment(simple_evoting.Environment___rep()).JML accessible clause.0.key|10|10|1|116|4|1|0.4444444477558136|74258
examples/InformationFlow/SimpleEvoting/simple_evoting.SMT(simple_evoting.SMT__send(simple_evoting.Message,int,simple_evoting.Server)).JML normal_behavior operation contract.1.key|6013|3280|34|11301|11241|1|3.4281792640686035|107282
examples/InformationFlow/SimpleEvoting/simple_evoting.SMT(simple_evoting.SMT__send(simple_evoting.Message,int,simple_evoting.Server)).JML normal_behavior operation contract.0.key|6095|3219|31|10109|10049|1|3.1227469444274902|107089
examples/InformationFlow/SimpleEvoting/simple_evoting.Message(java.lang.Object___inv_()).JML accessible clause.0.key|205|149|2|217|172|1|1.162162184715271|83561
examples/InformationFlow/SimpleEvoting/simple_evoting.Server(simple_evoting.Server__resultReady()).JML accessible clause.0.key|1903|990|11|1820|1744|1|1.7633973360061646|97227
examples/InformationFlow/SimpleEvoting/simple_evoting.Server(simple_evoting.Server__resultReady()).JML normal_behavior operation contract.0.key|1066|621|7|839|736|1|1.1870967149734497|93001
examples/InformationFlow/SimpleEvoting/simple_evoting.Server(simple_evoting.Server__onSendResult()).JML normal_behavior operation contract.0.key|323|224|4|214|195|1|0.8744394779205322|89962
examples/InformationFlow/SimpleEvoting/simple_evoting.Server(simple_evoting.Server__onCollectBallot(simple_evoting.Message)).JML normal_behavior operation contract.1.key|383|219|9|318|222|1|1.0183485746383667|94286
examples/InformationFlow/SimpleEvoting/simple_evoting.Server(simple_evoting.Server__onCollectBallot(simple_evoting.Message)).JML normal_behavior operation contract.0.key|983|517|17|815|742|1|1.4379844665527344|103243
examples/InformationFlow/SimpleEvoting/simple_evoting.Server(java.lang.Object___inv_()).JML accessible clause.0.key|243|146|1|314|202|1|1.3931034803390503|100117
examples/InformationFlow/SimpleEvoting/simple_evoting.SMTEnv(simple_evoting.SMTEnv__send(int,int,int,simple_evoting.Server,int)).JML normal_behavior operation contract.0.key|660|292|13|415|355|1|1.2199312448501587|104054
examples/InformationFlow/SimpleEvoting/simple_evoting.NetworkClient(simple_evoting.NetworkClient__send((B,simple_evoting.Server,int)).JML normal_behavior operation contract.0.key|321|132|7|212|101|1|0.7709923386573792|104215
examples/InformationFlow/SimpleEvoting/simple_evoting.Setup(simple_evoting.Setup__publishResult()).JML normal_behavior operation contract.0.key|619|532|4|815|724|1|1.3634651899337769|109907
examples/InformationFlow/SimpleEvoting/simple_evoting.Setup(simple_evoting.Setup__main()).JML normal_behavior operation contract.0.key|13651|10050|50|43897|43750|0|4.353667259216309|155173
examples/InformationFlow/SimpleEvoting/simple_evoting.Setup(java.lang.Object___inv_()).JML accessible clause.0.key|2142|1657|12|4648|4557|1|2.7518115043640137|170952
examples/InformationFlow/SimpleEvoting/simple_evoting.Voter(simple_evoting.Voter__onSendBallot(simple_evoting.Server)).JML normal_behavior operation contract.1.key|4468|2239|6|5152|5060|1|2.2609472274780273|135877
examples/InformationFlow/SimpleEvoting/simple_evoting.Voter(simple_evoting.Voter__onSendBallot(simple_evoting.Server)).JML normal_behavior operation contract.0.key|5829|3444|7|8815|8758|1|2.5437119007110596|145624
examples/InformationFlow/SimpleEvoting/simple_evoting.Voter(java.lang.Object___inv_()).JML accessible clause.0.key|230|173|1|212|152|1|0.8837209343910217|118517
examples/InformationFlow/ToyVoting/Voter(Voter__insecure_voting()).Non-interference contract.0.key|19765|10074|74|16436|16046|0|1.5929713249206543|87285
examples/InformationFlow/ToyVoting/Voter(Voter__publishVoterParticipation()).Non-interference contract.0.key|346|181|3|429|320|1|1.7777777910232544|92632
examples/InformationFlow/ToyVoting/Voter(Voter__isValid(int)).Non-interference contract.0.key|667|372|4|523|422|1|1.137466311454773|61334
examples/InformationFlow/ToyVoting/Voter(Voter__sendVote(int)).Non-interference contract.0.key|440|268|4|320|281|1|1.0524344444274902|62166
examples/InformationFlow/ToyVoting/Voter(Voter__inputVote()).Non-interference contract.0.key|247|147|1|321|206|1|1.4109588861465454|63159
examples/InformationFlow/Sum/SumExample(SumExample__getSum()).Non-interference contract.0.key|3173|1384|32|3865|3656|1|2.643528461456299|65175
examples/InformationFlow/ToyBanking/banking_example.UserAccount(banking_example.UserAccount__getBankAccount(int)).Non-interference contract.0.key|2445|1693|22|4252|3923|1|2.3185579776763916|70110
examples/InformationFlow/ToyBanking/banking_example.BankAccount(banking_example.BankAccount__depositMoney(int)).Non-interference contract.0.key|1198|918|1|1325|1297|1|1.414394736289978|70873
examples/InformationFlow/ToyBanking/banking_example.BankAccount(banking_example.BankAccount__getBalance()).Non-interference contract.0.key|382|276|1|440|357|1|1.2981817722320557|68104
examples/InformationFlow/ToyBanking/banking_example.BankAccount(banking_example.BankAccount__getId()).Non-interference contract.0.key|389|283|1|319|288|1|1.021276593208313|70291
examples/InformationFlow/ToyBanking/banking_example.Bank(banking_example.Bank__login(int,(C)).Non-interference contract.0.key|12616|10060|60|50031|49624|0|4.933293342590332|138628
examples/InformationFlow/ToyBanking/banking_example2.UserAccount(banking_example2.UserAccount__getBankAccount(int)).Non-interference contract.0.key|2448|1696|22|2238|2120|1|1.2507374286651611|135417
examples/InformationFlow/ToyBanking/banking_example2.BankAccount(banking_example2.BankAccount__depositMoney(int)).Non-interference contract.0.key|1198|918|1|1018|940|1|1.025081753730774|81659
examples/InformationFlow/ToyBanking/banking_example2.BankAccount(banking_example2.BankAccount__getBalance()).Non-interference contract.0.key|382|276|1|319|279|1|1.0145454406738281|78824
examples/InformationFlow/ToyBanking/banking_example2.BankAccount(banking_example2.BankAccount__getId()).Non-interference contract.0.key|389|283|1|315|277|1|0.9822695255279541|80983
examples/InformationFlow/BlockContracts/contract.IFBlockExamples(contract.IFBlockExamples__secure_5()).Non-interference contract.0.key|1097|506|15|1595|1306|1|2.5861387252807617|55246
examples/InformationFlow/BlockContracts/contract.IFBlockExamples(contract.IFBlockExamples__block_no_return_secure(int)).Non-interference contract.0.key|990|415|7|729|637|1|1.5386472940444946|67901
examples/InformationFlow/BlockContracts/contract.IFBlockExamples(contract.IFBlockExamples__while_block_insecure(int)).Non-interference contract.0.key|2145|1089|7|2055|1912|0|1.7573529481887817|77960
examples/InformationFlow/BlockContracts/contract.IFBlockExamples(contract.IFBlockExamples__while_block_secure(int)).Non-interference contract.0.key|2059|1065|7|1727|1631|1|1.5328947305679321|86805
examples/InformationFlow/BlockContracts/contract.IFBlockExamples(contract.IFBlockExamples__block_while_secure(int)).Non-interference contract.0.key|2757|1319|13|1972|1920|1|1.4567526578903198|92383
examples/InformationFlow/BlockContracts/contract.IFBlockExamples(contract.IFBlockExamples__insecure_4(int)).Non-interference contract.0.key|4707|1892|35|2532|2498|0|1.3209941387176514|104305
examples/InformationFlow/BlockContracts/contract.IFBlockExamples(contract.IFBlockExamples__insecure_3(int)).Non-interference contract.0.key|4871|2026|35|2656|2521|0|1.2449382543563843|112257
examples/InformationFlow/BlockContracts/contract.IFBlockExamples(contract.IFBlockExamples__secure_3(int)).Non-interference contract.0.key|4665|1862|35|2338|2253|1|1.210639476776123|113767
examples/InformationFlow/BlockContracts/contract.IFBlockExamples(contract.IFBlockExamples__secure_2(int)).Non-interference contract.0.key|6139|2350|47|2674|2593|1|1.1038739681243896|118374
examples/InformationFlow/BlockContracts/contract.IFBlockExamples(contract.IFBlockExamples__secure_8(int)).Non-interference contract.0.key|1438|675|19|818|700|1|1.0385756492614746|104374
examples/InformationFlow/BlockContracts/contract.IFBlockExamples(contract.IFBlockExamples__secure_7(int)).Non-interference contract.0.key|1142|491|11|514|484|1|0.9877551198005676|89973
examples/InformationFlow/BlockContracts/contract.IFBlockExamples(contract.IFBlockExamples__secure_6(int)).Non-interference contract.0.key|1159|500|11|515|464|1|0.9298596978187561|90260
examples/InformationFlow/BlockContracts/contract.IFBlockExamples(contract.IFBlockExamples__insecure_1(int)).Non-interference contract.0.key|1269|574|11|615|592|0|1.033158779144287|93456
examples/InformationFlow/BlockContracts/contract.IFBlockExamples(contract.IFBlockExamples__secure_4(int)).Non-interference contract.0.key|1398|620|11|715|690|1|1.1147011518478394|96915
examples/InformationFlow/BlockContracts/contract.IFBlockExamples(contract.IFBlockExamples__secure_1(int)).Non-interference contract.0.key|1836|796|17|934|854|1|1.0742138624191284|101020
examples/InformationFlow/BlockContracts/contract.IFEfficiencyExamples(contract.IFEfficiencyExamples__mWithoutBlockContract()).Non-interference contract.0.key|7193|3287|67|3409|3350|1|1.0194765329360962|120195
examples/InformationFlow/BlockContracts/contract.IFEfficiencyExamples(contract.IFEfficiencyExamples__mWithBlockContract()).Non-interference contract.0.key|5985|2877|60|2949|2866|1|0.9965229630470276|112956
examples/InformationFlow/MethodContracts/contract.IFMethodContract(contract.IFMethodContract__secure_recursion_2((I,int)).Non-interference contract.0.key|2735|1694|32|4926|4686|1|2.7678678035736084|65260
examples/InformationFlow/MethodContracts/contract.IFMethodContract(contract.IFMethodContract__secure_recursion(int)).Non-interference contract.0.key|797|366|9|642|523|1|1.432876706123352|60410
examples/InformationFlow/MethodContracts/contract.IFMethodContract(contract.IFMethodContract__secure_catch_exception()).Non-interference contract.0.key|863|269|9|423|369|1|1.3768656253814697|62795
examples/InformationFlow/MethodContracts/contract.IFMethodContract(contract.IFMethodContract__n6()).Non-interference contract.0.key|300|144|5|223|163|1|1.1398601531982422|62618
examples/InformationFlow/MethodContracts/contract.IFMethodContract(contract.IFMethodContract__secure_n6()).Non-interference contract.0.key|415|153|5|220|181|1|1.1907894611358643|65835
examples/InformationFlow/MethodContracts/contract.IFMethodContract(contract.IFMethodContract__secure_array_param((I,int)).Non-interference contract.0.key|1055|686|12|1268|1205|1|1.7591240406036377|72566
examples/InformationFlow/MethodContracts/contract.IFMethodContract(contract.IFMethodContract__secure_assignment_0_n9()).Non-interference contract.0.key|523|213|5|322|246|1|1.1603773832321167|70276
examples/InformationFlow/MethodContracts/contract.IFMethodContract(contract.IFMethodContract__insecure_if_high_n5_n1()).Non-interference contract.0.key|1882|823|23|1033|910|0|1.107055902481079|79223
examples/InformationFlow/MethodContracts/contract.IFMethodContract(contract.IFMethodContract__n5(int)).Non-interference contract.0.key|239|113|1|218|121|1|1.0803571939468384|75498
examples/InformationFlow/MethodContracts/contract.IFMethodContract(contract.IFMethodContract__secure_if_high_n5_n1()).Non-interference contract.0.key|2589|1112|31|1326|1274|1|1.146714687347412|87212
examples/InformationFlow/MethodContracts/contract.IFMethodContract(contract.IFMethodContract__secure_if_high_n1()).Non-interference contract.0.key|1403|643|18|720|616|1|0.9595015645027161|83442
examples/InformationFlow/MethodContracts/contract.IFMethodContract(contract.IFMethodContract__secure_n5()).Non-interference contract.0.key|462|183|6|215|160|1|0.8791208863258362|80357
examples/InformationFlow/MethodContracts/contract.IFMethodContract(contract.IFMethodContract__n4()).Non-interference contract.0.key|287|143|3|218|137|1|0.9647887349128723|82130
examples/InformationFlow/MethodContracts/contract.IFMethodContract(contract.IFMethodContract__n3()).Non-interference contract.0.key|173|85|1|114|72|1|0.8571428656578064|83346
examples/InformationFlow/MethodContracts/contract.IFMethodContract(contract.IFMethodContract__secure_sequential_n3_precond_n4()).Non-interference contract.0.key|756|324|9|313|292|1|0.9040247797966003|88581
examples/InformationFlow/MethodContracts/contract.IFMethodContract(contract.IFMethodContract__insecure_assignment_n2()).Non-interference contract.0.key|541|261|7|319|214|0|0.8230769038200378|89473
examples/InformationFlow/MethodContracts/contract.IFMethodContract(contract.IFMethodContract__secure_assignments_n2()).Non-interference contract.0.key|535|243|5|314|250|1|1.0330578088760376|92275
examples/InformationFlow/MethodContracts/contract.IFMethodContract(contract.IFMethodContract__n2()).Non-interference contract.0.key|257|131|2|220|134|1|1.0307692289352417|92148
examples/InformationFlow/MethodContracts/contract.IFMethodContract(contract.IFMethodContract__n1()).Non-interference contract.0.key|174|82|1|213|101|1|1.2469135522842407|93631
examples/InformationFlow/MethodContracts/contract.IFMethodContract(contract.IFMethodContract__secure_sequential_n1_n2()).Non-interference contract.0.key|596|240|9|314|216|1|0.9037656784057617|97624
examples/InformationFlow/LoopInvariants/loop.IFLoopExamples(loop.IFLoopExamples__insecure_while_3(int)).Non-interference contract.0.key|2412|1320|13|3697|3388|0|2.568612575531006|65793
examples/InformationFlow/LoopInvariants/loop.IFLoopExamples(loop.IFLoopExamples__secure_while_2(int)).Non-interference contract.0.key|2455|1269|13|2150|2107|1|1.6616718769073486|87725
examples/InformationFlow/LoopInvariants/loop.IFLoopExamples(loop.IFLoopExamples__secure_while_4(int)).Non-interference contract.0.key|2455|1269|13|1839|1753|1|1.3824920654296875|74729
examples/InformationFlow/LoopInvariants/loop.IFLoopExamples(loop.IFLoopExamples__insecure_doubleNestedWhile2(int)).Non-interference contract.0.key|15850|8112|72|11133|10993|0|1.3553199768066406|105767
examples/InformationFlow/LoopInvariants/loop.IFLoopExamples(loop.IFLoopExamples__insecure_doubleNestedWhile(int)).Non-interference contract.0.key|14782|7502|66|9962|9858|0|1.3142247200012207|140431
examples/InformationFlow/LoopInvariants/loop.IFLoopExamples(loop.IFLoopExamples__secure_doubleNestedWhile(int)).Non-interference contract.0.key|14402|7366|64|9562|9498|1|1.2896130084991455|140871
examples/InformationFlow/LoopInvariants/loop.IFLoopExamples(loop.IFLoopExamples__secure_nestedTwoWhile(int)).Non-interference contract.0.key|10170|5178|44|6804|6756|1|1.3050029277801514|100533
examples/InformationFlow/LoopInvariants/loop.IFLoopExamples(loop.IFLoopExamples__secure_nestedWhile(int)).Non-interference contract.0.key|6152|3179|28|3862|3823|1|1.2029578685760498|96763
examples/InformationFlow/LoopInvariants/loop.IFLoopExamples(loop.IFLoopExamples__notSecure_while(int)).Non-interference contract.0.key|2369|1300|14|1422|1361|0|1.0477290153503418|85982
examples/InformationFlow/LoopInvariants/loop.IFLoopExamples(loop.IFLoopExamples__notSecure_while_wrongInv(int)).Non-interference contract.0.key|866|432|5|529|470|0|1.0904872417449951|92918
examples/InformationFlow/LoopInvariants/loop.IFLoopExamples(loop.IFLoopExamples__insecure_twoWhile(int)).Non-interference contract.0.key|4093|1892|20|2435|2373|0|1.2548916339874268|104280
examples/InformationFlow/LoopInvariants/loop.IFLoopExamples(loop.IFLoopExamples__insecure_twoWhile_2(int)).Non-interference contract.0.key|4747|2265|19|2860|2830|0|1.25|120959
examples/InformationFlow/LoopInvariants/loop.IFLoopExamples(loop.IFLoopExamples__secure_twoWhile(int)).Non-interference contract.0.key|3719|1848|16|2318|2235|1|1.2100703716278076|121512
examples/InformationFlow/LoopInvariants/loop.IFLoopExamples(loop.IFLoopExamples__loc_secure_while(int)).Non-interference contract.0.key|2278|1180|10|1518|1434|1|1.216284990310669|97290
examples/InformationFlow/LoopInvariants/loop.IFLoopExamples(loop.IFLoopExamples__secure_while(int)).Non-interference contract.0.key|2044|1089|10|1215|1155|1|1.0615808963775635|97034
examples/InformationFlow/LoopInvariants/loop.IFLoopExamples(loop.IFLoopExamples__print(int)).Non-interference contract.0.key|179|79|1|112|61|1|0.7820512652397156|86707
examples/InformationFlow/LoopInvariants/loop.IFLoopExamples(loop.IFLoopExamples__hammer(int)).Non-interference contract.0.key|3697|1828|23|2425|2362|1|1.2928297519683838|109961
examples/InformationFlow/MiniExamples/mini.AliasingExamples(mini.AliasingExamples__insecure_1(mini.AliasingExamples,mini.AliasingExamples,int)).Non-interference contract.0.key|361|193|8|917|790|0|4.114583492279053|51700
examples/InformationFlow/MiniExamples/mini.AliasingExamples(mini.AliasingExamples__secure_1(mini.AliasingExamples,mini.AliasingExamples,int)).Non-interference contract.0.key|345|176|5|426|377|1|2.1542856693267822|59029
examples/InformationFlow/MiniExamples/mini.MiniExamplesLecture(mini.MiniExamplesLecture__m_6()).Non-interference contract.0.key|152|84|3|227|131|1|1.5783132314682007|59324
examples/InformationFlow/MiniExamples/mini.MiniExamplesLecture(mini.MiniExamplesLecture__m_5()).Non-interference contract.0.key|332|150|1|320|253|1|1.6979866027832031|62683
examples/InformationFlow/MiniExamples/mini.MiniExamplesLecture(mini.MiniExamplesLecture__m_4()).Non-interference contract.0.key|258|116|1|218|137|1|1.191304326057434|64263
examples/InformationFlow/MiniExamples/mini.MiniExamplesLecture(mini.MiniExamplesLecture__m_3()).Non-interference contract.0.key|542|260|4|420|329|0|1.2702702283859253|67939
examples/InformationFlow/MiniExamples/mini.MiniExamplesLecture(mini.MiniExamplesLecture__m_2()).Non-interference contract.0.key|417|205|4|317|221|1|1.0833333730697632|69984
examples/InformationFlow/MiniExamples/mini.MiniExamplesLecture(mini.MiniExamplesLecture__m_1()).Non-interference contract.0.key|203|95|1|216|136|0|1.4468084573745728|70652
examples/InformationFlow/MiniExamples/mini.DifferenceSeqLocset(mini.DifferenceSeqLocset__m()).Non-interference contract.1.key|967|583|10|1135|1009|0|1.7336770296096802|77646
examples/InformationFlow/MiniExamples/mini.DifferenceSeqLocset(mini.DifferenceSeqLocset__m()).Non-interference contract.0.key|1956|1500|64|2477|2323|0|1.5496997833251953|86710
examples/InformationFlow/MiniExamples/mini.MiniExamples(mini.MiniExamples__secure_p2_8()).Non-interference contract.0.key|637|283|4|341|318|1|1.127659559249878|80787
examples/InformationFlow/MiniExamples/mini.MiniExamples(mini.MiniExamples__secure_parameter(int)).Non-interference contract.0.key|224|114|1|218|103|1|0.9115044474601746|79419
examples/InformationFlow/MiniExamples/mini.MiniExamples(mini.MiniExamples__secure_p2_7()).Non-interference contract.0.key|615|261|4|330|244|1|0.9384615421295166|82805
examples/InformationFlow/MiniExamples/mini.MiniExamples(mini.MiniExamples__insecure_p2_2()).Non-interference contract.0.key|523|241|4|315|215|0|0.8958333134651184|85106
examples/InformationFlow/MiniExamples/mini.MiniExamples(mini.MiniExamples__secure_p2_6()).Non-interference contract.0.key|152|84|3|115|61|1|0.7349397540092468|86014
examples/InformationFlow/MiniExamples/mini.MiniExamples(mini.MiniExamples__secure_p2_5()).Non-interference contract.0.key|332|150|1|314|200|1|1.3422819375991821|88848
examples/InformationFlow/MiniExamples/mini.MiniExamples(mini.MiniExamples__secure_p2_4()).Non-interference contract.0.key|271|119|1|213|141|1|1.1949152946472168|90539
examples/InformationFlow/MiniExamples/mini.MiniExamples(mini.MiniExamples__secure_p2_3()).Non-interference contract.0.key|236|104|1|215|130|1|1.2621358633041382|92357
examples/InformationFlow/MiniExamples/mini.MiniExamples(mini.MiniExamples__secure_p2_2()).Non-interference contract.0.key|186|88|1|121|79|1|0.9080459475517273|94339
examples/InformationFlow/MiniExamples/mini.MiniExamples(mini.MiniExamples__secure_p2_1()).Non-interference contract.0.key|196|92|1|112|79|1|0.8681318759918213|96585
examples/InformationFlow/MiniExamples/mini.MiniExamples(mini.MiniExamples__insecure_p2_1()).Non-interference contract.0.key|203|95|1|114|88|0|0.936170220375061|99004
examples/InformationFlow/MiniExamples/mini.MiniExamples(mini.MiniExamples__secure_p1_6()).Non-interference contract.0.key|256|120|1|217|134|1|1.1260504722595215|101575
examples/InformationFlow/MiniExamples/mini.MiniExamples(mini.MiniExamples__secure_p1_5()).Non-interference contract.0.key|676|304|4|414|311|1|1.0264025926589966|105454
examples/InformationFlow/MiniExamples/mini.MiniExamples(mini.MiniExamples__secure_p1_4()).Non-interference contract.0.key|581|269|4|316|279|1|1.04104483127594|107385
examples/InformationFlow/MiniExamples/mini.MiniExamples(mini.MiniExamples__secure_p1_3()).Non-interference contract.0.key|258|116|1|216|113|1|0.9826086759567261|107846
examples/InformationFlow/MiniExamples/mini.MiniExamples(mini.MiniExamples__secure_p1_2()).Non-interference contract.0.key|646|292|4|312|287|1|0.9862542748451233|111528
examples/InformationFlow/MiniExamples/mini.MiniExamples(mini.MiniExamples__secure_p1_1()).Non-interference contract.1.key|417|205|4|216|199|1|0.9754902124404907|112960
examples/InformationFlow/MiniExamples/mini.MiniExamples(mini.MiniExamples__secure_p1_1()).Non-interference contract.0.key|417|205|4|214|196|1|0.9607843160629272|115135
examples/InformationFlow/MiniExamples/mini.MiniExamples(mini.MiniExamples__insecure_p1_2()).Non-interference contract.0.key|542|260|4|314|231|0|0.8918918967247009|118029
examples/InformationFlow/MiniExamples/mini.MiniExamples(mini.MiniExamples__insecure_p1_1()).Non-interference contract.0.key|203|95|1|217|102|0|1.085106372833252|119137
examples/InformationFlow/NewObjects/object.AmtoftBanerjee3(object.AmtoftBanerjee3__m()).Non-interference contract.0.key|320|166|4|1204|966|1|5.854545593261719|52327
examples/InformationFlow/NewObjects/object.AmtoftBanerjee(object.AmtoftBanerjee__m_2()).Non-interference contract.0.key|1307|573|13|1540|1439|1|2.5157341957092285|65052
examples/InformationFlow/NewObjects/object.AmtoftBanerjee(object.AmtoftBanerjee__m_1()).Non-interference contract.1.key|1014|434|11|743|650|0|1.5011547803878784|64925
examples/InformationFlow/NewObjects/object.AmtoftBanerjee(object.AmtoftBanerjee__m_1()).Non-interference contract.0.key|956|396|11|630|559|1|1.4151898622512817|67830
examples/InformationFlow/NewObjects/object.AmtoftBanerjee(object.AmtoftBanerjee__getQ()).Non-interference contract.0.key|184|88|1|119|95|1|1.091953992843628|65364
examples/InformationFlow/NewObjects/object.ObjectOrientation(object.ObjectOrientation__secure_while_i((Ljava.lang.Object)).Non-interference contract.0.key|10116|6749|90|12058|11974|1|1.774451732635498|96541
examples/InformationFlow/NewObjects/object.ObjectOrientation(object.ObjectOrientation__secure_method_call()).Non-interference contract.0.key|812|455|6|624|585|1|1.2885462045669556|74212
examples/InformationFlow/NewObjects/object.ObjectOrientation(object.ObjectOrientation__if_two_object_creation_next()).Non-interference contract.1.key|12804|10196|196|24093|24007|0|2.3547818660736084|106003
examples/InformationFlow/NewObjects/object.ObjectOrientation(object.ObjectOrientation__insecure_two_object_creation()).Non-interference contract.0.key|11989|10203|203|24142|24089|0|2.361203670501709|136074
examples/InformationFlow/NewObjects/object.ObjectOrientation(object.ObjectOrientation__secure_two_object_creation()).Non-interference contract.0.key|10788|8001|136|16671|16572|1|2.071500062942505|133902
examples/InformationFlow/NewObjects/object.ObjectOrientation(object.ObjectOrientation__insecure_object_assignment()).Non-interference contract.1.key|7398|6594|117|10677|10585|0|1.6054906845092773|104119
examples/InformationFlow/NewObjects/object.ObjectOrientation(object.ObjectOrientation__insecure_object_assignment()).Non-interference contract.0.key|310|184|1|326|224|0|1.2240437269210815|92152
examples/InformationFlow/NewObjects/object.ObjectOrientation(object.ObjectOrientation__secure_object_creation_3()).Non-interference contract.0.key|794|429|6|614|523|1|1.221962571144104|88704
examples/InformationFlow/NewObjects/object.ObjectOrientation(object.ObjectOrientation__secure_object_creation_2()).Non-interference contract.0.key|576|283|3|415|390|1|1.3829786777496338|89008
examples/InformationFlow/NewObjects/object.ObjectOrientation(object.ObjectOrientation__secure_object_creation()).Non-interference contract.0.key|1663|913|9|1120|1040|1|1.1403508186340332|95796
examples/InformationFlow/NewObjects/object.AmtoftBanerjee2(object.AmtoftBanerjee2__expensive(int)).Non-interference contract.0.key|160|72|1|112|53|1|0.7464788556098938|91154
examples/InformationFlow/NewObjects/object.AmtoftBanerjee2(object.AmtoftBanerjee2__cexp(int)).Non-interference contract.0.key|4980|1840|91|1923|1887|1|1.0261011123657227|111865
examples/InformationFlow/SimpleEvoting/simple_evoting.Environment(simple_evoting.Environment__untrustedOutputMessage((B)).Non-interference contract.0.key|8314|5273|84|9923|9597|1|1.8203717470169067|81630
examples/InformationFlow/SimpleEvoting/simple_evoting.Environment(simple_evoting.Environment__untrustedOutput(int)).Non-interference contract.0.key|97|53|1|126|42|1|0.807692289352417|62820
examples/InformationFlow/SimpleEvoting/simple_evoting.Environment(simple_evoting.Environment__untrustedInput(int)).Non-interference contract.0.key|53|29|1|123|26|0|0.9285714030265808|65622
examples/InformationFlow/SimpleEvoting/simple_evoting.Environment(simple_evoting.Environment__untrustedInput()).Non-interference contract.0.key|43|27|1|123|26|0|1.0|67921
examples/InformationFlow/SimpleEvoting/simple_evoting.SMT(simple_evoting.SMT__send(simple_evoting.Message,int,simple_evoting.Server)).Non-interference contract.1.key|26892|11867|66|35766|35651|1|3.0044665336608887|126370
examples/InformationFlow/SimpleEvoting/simple_evoting.SMT(simple_evoting.SMT__send(simple_evoting.Message,int,simple_evoting.Server)).Non-interference contract.0.key|29129|13452|57|42581|42445|1|3.155527353286743|134593
examples/InformationFlow/SimpleEvoting/simple_evoting.NetworkClient(simple_evoting.NetworkClient__send((B,simple_evoting.Server,int)).Non-interference contract.0.key|5477|3700|32|3728|3653|1|0.987564206123352|91714
examples/InformationFlow/SimpleEvoting/simple_evoting.Voter(simple_evoting.Voter__onSendBallot(simple_evoting.Server)).Non-interference contract.1.key|8857|4144|9|12882|12778|1|3.0842385292053223|109233
examples/InformationFlow/SimpleEvoting/simple_evoting.Voter(simple_evoting.Voter__onSendBallot(simple_evoting.Server)).Non-interference contract.0.key|9708|4770|9|16434|16336|1|3.4254560470581055|117053
examples/InformationFlow/ToyVoting/Voter(Voter__insecure_voting()).Non-interference contract.0.m.key|8230|4404|15|32697|30228|0|6.86531925201416|100353
examples/InformationFlow/ToyVoting/Voter(Voter__publishVoterParticipation()).Non-interference contract.0.m.key|183|77|1|306|152|1|2.0|101039
examples/InformationFlow/ToyVoting/Voter(Voter__isValid(int)).Non-interference contract.0.m.key|458|222|3|430|208|1|0.9411764740943909|63839
examples/InformationFlow/ToyVoting/Voter(Voter__sendVote(int)).Non-interference contract.0.m.key|489|209|3|329|175|1|0.8413461446762085|65241
examples/InformationFlow/ToyVoting/Voter(Voter__inputVote()).Non-interference contract.0.m.key|163|69|1|179|75|1|1.1029411554336548|65954
examples/InformationFlow/ToyVoting/Voter(Voter__secure_voting()).Non-interference contract.0.m.key|1571|1112|14|10959|1265|1|1.1386138200759888|107424
examples/InformationFlow/Sum/SumExample(SumExample__getSum()).Non-interference contract.0.m.key|258|111|1|2708|272|1|2.4727272987365723|62579
examples/InformationFlow/ToyBanking/banking_example.UserAccount(banking_example.UserAccount__getBankAccount(int)).Non-interference contract.0.m.key|2904|1393|12|5635|2484|1|1.784482717514038|82966
examples/InformationFlow/ToyBanking/banking_example.UserAccount(banking_example.UserAccount__tryLogin(int,(C)).Non-interference contract.0.m.key|28349|21237|42|67045|55440|1|2.610661029815674|156543
examples/InformationFlow/ToyBanking/banking_example.BankAccount(banking_example.BankAccount__depositMoney(int)).Non-interference contract.0.m.key|464|295|1|793|419|1|1.4251700639724731|116343
examples/InformationFlow/ToyBanking/banking_example.BankAccount(banking_example.BankAccount__getBalance()).Non-interference contract.0.m.key|147|50|1|227|59|1|1.204081654548645|72605
examples/InformationFlow/ToyBanking/banking_example.BankAccount(banking_example.BankAccount__getId()).Non-interference contract.0.m.key|147|50|1|182|55|1|1.1224489212036133|74294
examples/InformationFlow/ToyBanking/banking_example.Bank(banking_example.Bank__login(int,(C)).Non-interference contract.0.m.key|41545|28569|191|192485|185677|0|6.499475002288818|184416
examples/InformationFlow/ToyBanking/banking_example2.UserAccount(banking_example2.UserAccount__getBankAccount(int)).Non-interference contract.0.m.key|2904|1393|12|2570|1406|1|1.0100574493408203|197351
examples/InformationFlow/ToyBanking/banking_example2.UserAccount(banking_example2.UserAccount__tryLogin(int,(C)).Non-interference contract.0.m.key|7307|4059|9|16495|7185|1|1.7705765962600708|131674
examples/InformationFlow/ToyBanking/banking_example2.BankAccount(banking_example2.BankAccount__depositMoney(int)).Non-interference contract.0.m.key|464|295|1|706|380|1|1.292517066001892|99721
examples/InformationFlow/ToyBanking/banking_example2.BankAccount(banking_example2.BankAccount__getBalance()).Non-interference contract.0.m.key|147|50|1|177|56|1|1.1428571939468384|85338
examples/InformationFlow/ToyBanking/banking_example2.BankAccount(banking_example2.BankAccount__getId()).Non-interference contract.0.m.key|147|50|1|167|52|1|1.0612244606018066|87010
examples/InformationFlow/BlockContracts/contract.IFBlockExamples(contract.IFBlockExamples__secure_5()).Non-interference contract.0.m.key|208|87|2|1670|209|1|2.430232524871826|57199
examples/InformationFlow/BlockContracts/contract.IFBlockExamples(contract.IFBlockExamples__block_no_return_secure(int)).Non-interference contract.0.m.key|343|176|2|718|264|1|1.5085713863372803|71364
examples/InformationFlow/BlockContracts/contract.IFBlockExamples(contract.IFBlockExamples__while_block_insecure(int)).Non-interference contract.0.m.key|479|318|5|1727|585|0|1.8454258441925049|80583
examples/InformationFlow/BlockContracts/contract.IFBlockExamples(contract.IFBlockExamples__while_block_secure(int)).Non-interference contract.0.m.key|658|484|6|1734|655|1|1.3561077117919922|94233
examples/InformationFlow/BlockContracts/contract.IFBlockExamples(contract.IFBlockExamples__block_while_secure(int)).Non-interference contract.0.m.key|579|330|2|1480|535|1|1.626139760017395|94951
examples/InformationFlow/BlockContracts/contract.IFBlockExamples(contract.IFBlockExamples__insecure_4(int)).Non-interference contract.0.m.key|393|164|2|1786|324|0|1.9877300262451172|105415
examples/InformationFlow/BlockContracts/contract.IFBlockExamples(contract.IFBlockExamples__insecure_3(int)).Non-interference contract.0.m.key|761|429|4|8898|6277|0|14.665887832641602|144264
examples/InformationFlow/BlockContracts/contract.IFBlockExamples(contract.IFBlockExamples__secure_3(int)).Non-interference contract.0.m.key|450|221|2|1436|212|1|0.9636363387107849|145045
examples/InformationFlow/BlockContracts/contract.IFBlockExamples(contract.IFBlockExamples__secure_2(int)).Non-interference contract.0.m.key|450|221|2|1683|213|1|0.9681817889213562|116827
examples/InformationFlow/BlockContracts/contract.IFBlockExamples(contract.IFBlockExamples__secure_8(int)).Non-interference contract.0.m.key|423|198|2|599|196|1|0.9949238300323486|106871
examples/InformationFlow/BlockContracts/contract.IFBlockExamples(contract.IFBlockExamples__secure_7(int)).Non-interference contract.0.m.key|353|148|2|452|146|1|0.9931972622871399|93828
examples/InformationFlow/BlockContracts/contract.IFBlockExamples(contract.IFBlockExamples__secure_6(int)).Non-interference contract.0.m.key|359|154|2|463|133|1|0.8692810535430908|94691
examples/InformationFlow/BlockContracts/contract.IFBlockExamples(contract.IFBlockExamples__insecure_1(int)).Non-interference contract.0.m.key|393|164|2|751|287|0|1.7607362270355225|99017
examples/InformationFlow/BlockContracts/contract.IFBlockExamples(contract.IFBlockExamples__secure_4(int)).Non-interference contract.0.m.key|454|221|3|630|248|1|1.1272727251052856|107515
examples/InformationFlow/BlockContracts/contract.IFBlockExamples(contract.IFBlockExamples__secure_1(int)).Non-interference contract.0.m.key|451|219|2|655|211|1|0.9678899049758911|104921
examples/InformationFlow/BlockContracts/contract.IFEfficiencyExamples(contract.IFEfficiencyExamples__mWithoutBlockContract()).Non-interference contract.0.m.key|10622|4179|45|5756|3630|1|0.8688367605209351|133873
examples/InformationFlow/BlockContracts/contract.IFEfficiencyExamples(contract.IFEfficiencyExamples__mWithBlockContract()).Non-interference contract.0.m.key|741|300|2|1831|502|1|1.6789298057556152|123892
examples/InformationFlow/MethodContracts/contract.IFMethodContract(contract.IFMethodContract__secure_recursion_2((I,int)).Non-interference contract.0.m.key|2197|1477|11|4984|3447|1|2.3353657722473145|67435
examples/InformationFlow/MethodContracts/contract.IFMethodContract(contract.IFMethodContract__secure_recursion(int)).Non-interference contract.0.m.key|785|455|9|776|473|1|1.041850209236145|68861
examples/InformationFlow/MethodContracts/contract.IFMethodContract(contract.IFMethodContract__secure_catch_exception()).Non-interference contract.0.m.key|240|83|1|425|133|1|1.6219512224197388|66829
examples/InformationFlow/MethodContracts/contract.IFMethodContract(contract.IFMethodContract__n6()).Non-interference contract.0.m.key|144|45|1|224|68|1|1.545454502105713|65497
examples/InformationFlow/MethodContracts/contract.IFMethodContract(contract.IFMethodContract__secure_n6()).Non-interference contract.0.m.key|295|150|6|345|184|1|1.2348992824554443|69706
examples/InformationFlow/MethodContracts/contract.IFMethodContract(contract.IFMethodContract__secure_array_param((I,int)).Non-interference contract.0.m.key|918|717|4|2139|1897|1|2.6494412422180176|78150
examples/InformationFlow/MethodContracts/contract.IFMethodContract(contract.IFMethodContract__secure_assignment_0_n9()).Non-interference contract.0.m.key|243|90|1|317|127|1|1.4269663095474243|74822
examples/InformationFlow/MethodContracts/contract.IFMethodContract(contract.IFMethodContract__insecure_if_high_n5_n1()).Non-interference contract.0.m.key|958|429|6|980|547|0|1.278037428855896|79269
examples/InformationFlow/MethodContracts/contract.IFMethodContract(contract.IFMethodContract__n5(int)).Non-interference contract.0.m.key|134|43|1|177|57|1|1.3571428060531616|86596
examples/InformationFlow/MethodContracts/contract.IFMethodContract(contract.IFMethodContract__secure_if_high_n5_n1()).Non-interference contract.0.m.key|1202|515|3|1183|659|1|1.2821011543273926|91448
examples/InformationFlow/MethodContracts/contract.IFMethodContract(contract.IFMethodContract__secure_if_high_n1()).Non-interference contract.0.m.key|885|321|3|640|364|1|1.1375000476837158|89194
examples/InformationFlow/MethodContracts/contract.IFMethodContract(contract.IFMethodContract__secure_n5()).Non-interference contract.0.m.key|311|160|4|288|160|1|1.0062893629074097|84965
examples/InformationFlow/MethodContracts/contract.IFMethodContract(contract.IFMethodContract__n4()).Non-interference contract.0.m.key|175|66|1|201|68|1|1.0461539030075073|85686
examples/InformationFlow/MethodContracts/contract.IFMethodContract(contract.IFMethodContract__n3()).Non-interference contract.0.m.key|119|40|1|120|40|1|1.0256410837173462|85997
examples/InformationFlow/MethodContracts/contract.IFMethodContract(contract.IFMethodContract__secure_sequential_n3_precond_n4()).Non-interference contract.0.m.key|439|260|4|395|242|1|0.9343629479408264|93118
examples/InformationFlow/MethodContracts/contract.IFMethodContract(contract.IFMethodContract__insecure_assignment_n2()).Non-interference contract.0.m.key|315|148|4|401|206|0|1.4013605117797852|94344
examples/InformationFlow/MethodContracts/contract.IFMethodContract(contract.IFMethodContract__secure_assignments_n2()).Non-interference contract.0.m.key|508|275|4|417|247|1|0.9014598727226257|102452
examples/InformationFlow/MethodContracts/contract.IFMethodContract(contract.IFMethodContract__n2()).Non-interference contract.0.m.key|154|53|1|167|57|1|1.0961538553237915|95436
examples/InformationFlow/MethodContracts/contract.IFMethodContract(contract.IFMethodContract__n1()).Non-interference contract.0.m.key|142|51|1|146|53|1|1.059999942779541|96591
examples/InformationFlow/MethodContracts/contract.IFMethodContract(contract.IFMethodContract__secure_sequential_n1_n2()).Non-interference contract.0.m.key|358|193|4|298|171|1|0.890625|101804
examples/InformationFlow/LoopInvariants/loop.IFLoopExamples(loop.IFLoopExamples__insecure_while_3(int)).Non-interference contract.0.m.key|1057|701|7|6757|2893|0|4.132857322692871|80801
examples/InformationFlow/LoopInvariants/loop.IFLoopExamples(loop.IFLoopExamples__secure_while_2(int)).Non-interference contract.0.m.key|928|674|6|1779|775|1|1.1515601873397827|91240
examples/InformationFlow/LoopInvariants/loop.IFLoopExamples(loop.IFLoopExamples__secure_while_4(int)).Non-interference contract.0.m.key|928|674|6|1530|663|1|0.9851411581039429|79566
examples/InformationFlow/LoopInvariants/loop.IFLoopExamples(loop.IFLoopExamples__insecure_doubleNestedWhile2(int)).Non-interference contract.0.m.key|2305|1964|15|298814|260775|0|132.8451385498047|132255
examples/InformationFlow/LoopInvariants/loop.IFLoopExamples(loop.IFLoopExamples__insecure_doubleNestedWhile(int)).Non-interference contract.0.m.key|482|344|6|6340|607|0|1.769679307937622|150222
examples/InformationFlow/LoopInvariants/loop.IFLoopExamples(loop.IFLoopExamples__secure_doubleNestedWhile(int)).Non-interference contract.0.m.key|591|455|6|5783|371|1|0.8171806335449219|119848
examples/InformationFlow/LoopInvariants/loop.IFLoopExamples(loop.IFLoopExamples__secure_nestedTwoWhile(int)).Non-interference contract.0.m.key|591|455|6|4979|365|1|0.8039647340774536|112175
examples/InformationFlow/LoopInvariants/loop.IFLoopExamples(loop.IFLoopExamples__secure_nestedWhile(int)).Non-interference contract.0.m.key|591|455|6|3345|334|1|0.7356828451156616|108398
examples/InformationFlow/LoopInvariants/loop.IFLoopExamples(loop.IFLoopExamples__notSecure_while(int)).Non-interference contract.0.m.key|660|454|7|3324|1853|0|4.090507507324219|101194
examples/InformationFlow/LoopInvariants/loop.IFLoopExamples(loop.IFLoopExamples__notSecure_while_wrongInv(int)).Non-interference contract.0.m.key|60|61|1|2198|1112|0|18.53333282470703|113448
examples/InformationFlow/LoopInvariants/loop.IFLoopExamples(loop.IFLoopExamples__insecure_twoWhile(int)).Non-interference contract.0.m.key|774|567|6|2355|1052|0|1.8586572408676147|115063
examples/InformationFlow/LoopInvariants/loop.IFLoopExamples(loop.IFLoopExamples__insecure_twoWhile_2(int)).Non-interference contract.0.m.key|734|523|6|3045|1576|0|3.0191571712493896|120337
examples/InformationFlow/LoopInvariants/loop.IFLoopExamples(loop.IFLoopExamples__secure_twoWhile(int)).Non-interference contract.0.m.key|966|755|6|2071|865|1|1.1472148895263672|121116
examples/InformationFlow/LoopInvariants/loop.IFLoopExamples(loop.IFLoopExamples__loc_secure_while(int)).Non-interference contract.0.m.key|731|585|7|1281|510|1|0.8732876777648926|101011
examples/InformationFlow/LoopInvariants/loop.IFLoopExamples(loop.IFLoopExamples__secure_while(int)).Non-interference contract.0.m.key|591|455|6|1109|404|1|0.8898678421974182|99935
examples/InformationFlow/LoopInvariants/loop.IFLoopExamples(loop.IFLoopExamples__print(int)).Non-interference contract.0.m.key|147|56|1|141|50|1|0.9090909361839294|90106
examples/InformationFlow/LoopInvariants/loop.IFLoopExamples(loop.IFLoopExamples__hammer(int)).Non-interference contract.0.m.key|560|416|9|1721|367|1|0.8843373656272888|111695
examples/InformationFlow/MiniExamples/mini.AliasingExamples(mini.AliasingExamples__insecure_1(mini.AliasingExamples,mini.AliasingExamples,int)).Non-interference contract.0.m.key|164|37|1|1586|418|0|11.61111068725586|55348
examples/InformationFlow/MiniExamples/mini.AliasingExamples(mini.AliasingExamples__secure_1(mini.AliasingExamples,mini.AliasingExamples,int)).Non-interference contract.0.m.key|218|81|1|632|232|1|2.9000000953674316|67069
examples/InformationFlow/MiniExamples/mini.MiniExamplesLecture(mini.MiniExamplesLecture__m_6()).Non-interference contract.0.m.key|99|36|1|192|60|1|1.7142857313156128|62020
examples/InformationFlow/MiniExamples/mini.MiniExamplesLecture(mini.MiniExamplesLecture__m_5()).Non-interference contract.0.m.key|137|46|1|280|100|1|2.222222328186035|65322
examples/InformationFlow/MiniExamples/mini.MiniExamplesLecture(mini.MiniExamplesLecture__m_4()).Non-interference contract.0.m.key|146|47|1|295|92|1|2.0|67231
examples/InformationFlow/MiniExamples/mini.MiniExamplesLecture(mini.MiniExamplesLecture__m_3()).Non-interference contract.0.m.key|444|136|3|461|235|0|1.7407407760620117|71630
examples/InformationFlow/MiniExamples/mini.MiniExamplesLecture(mini.MiniExamplesLecture__m_2()).Non-interference contract.0.m.key|381|97|3|298|119|1|1.2395833730697632|77681
examples/InformationFlow/MiniExamples/mini.MiniExamplesLecture(mini.MiniExamplesLecture__m_1()).Non-interference contract.0.m.key|106|21|1|206|78|0|3.9000000953674316|73665
examples/InformationFlow/MiniExamples/mini.DifferenceSeqLocset(mini.DifferenceSeqLocset__m()).Non-interference contract.1.m.key|602|216|3|967|546|0|2.5395348072052|81028
examples/InformationFlow/MiniExamples/mini.DifferenceSeqLocset(mini.DifferenceSeqLocset__m()).Non-interference contract.0.m.key|484|122|3|2350|1811|0|14.966941833496094|89333
examples/InformationFlow/MiniExamples/mini.MiniExamples(mini.MiniExamples__secure_p2_8()).Non-interference contract.0.m.key|488|168|3|332|162|1|0.970059871673584|91752
examples/InformationFlow/MiniExamples/mini.MiniExamples(mini.MiniExamples__secure_parameter(int)).Non-interference contract.0.m.key|140|65|1|180|70|1|1.09375|83052
examples/InformationFlow/MiniExamples/mini.MiniExamples(mini.MiniExamples__secure_p2_7()).Non-interference contract.0.m.key|464|144|3|283|133|1|0.9300699234008789|86518
examples/InformationFlow/MiniExamples/mini.MiniExamples(mini.MiniExamples__insecure_p2_2()).Non-interference contract.0.m.key|437|129|3|429|180|0|1.40625|89171
examples/InformationFlow/MiniExamples/mini.MiniExamples(mini.MiniExamples__secure_p2_6()).Non-interference contract.0.m.key|99|36|1|136|41|1|1.1714285612106323|93127
examples/InformationFlow/MiniExamples/mini.MiniExamples(mini.MiniExamples__secure_p2_5()).Non-interference contract.0.m.key|137|46|1|227|68|1|1.5111111402511597|91475
examples/InformationFlow/MiniExamples/mini.MiniExamples(mini.MiniExamples__secure_p2_4()).Non-interference contract.0.m.key|160|49|1|194|60|1|1.25|93495
examples/InformationFlow/MiniExamples/mini.MiniExamples(mini.MiniExamples__secure_p2_3()).Non-interference contract.0.m.key|137|46|1|158|53|1|1.1777777671813965|95213
examples/InformationFlow/MiniExamples/mini.MiniExamples(mini.MiniExamples__secure_p2_2()).Non-interference contract.0.m.key|137|46|1|133|53|1|1.1777777671813965|97199
examples/InformationFlow/MiniExamples/mini.MiniExamples(mini.MiniExamples__secure_p2_1()).Non-interference contract.0.m.key|117|32|1|143|37|1|1.1935484409332275|99103
examples/InformationFlow/MiniExamples/mini.MiniExamples(mini.MiniExamples__insecure_p2_1()).Non-interference contract.0.m.key|106|21|1|223|85|0|4.25|99664
examples/InformationFlow/MiniExamples/mini.MiniExamples(mini.MiniExamples__secure_p1_6()).Non-interference contract.0.m.key|137|46|1|146|50|1|1.1111111640930176|107484
examples/InformationFlow/MiniExamples/mini.MiniExamples(mini.MiniExamples__secure_p1_5()).Non-interference contract.0.m.key|524|180|3|354|182|1|1.0167597532272339|108980
examples/InformationFlow/MiniExamples/mini.MiniExamples(mini.MiniExamples__secure_p1_4()).Non-interference contract.0.m.key|458|150|3|272|131|1|0.8791946172714233|110970
examples/InformationFlow/MiniExamples/mini.MiniExamples(mini.MiniExamples__secure_p1_3()).Non-interference contract.0.m.key|146|47|1|147|52|1|1.1304347515106201|111059
examples/InformationFlow/MiniExamples/mini.MiniExamples(mini.MiniExamples__secure_p1_2()).Non-interference contract.0.m.key|488|168|3|310|137|1|0.8203592896461487|115054
examples/InformationFlow/MiniExamples/mini.MiniExamples(mini.MiniExamples__secure_p1_1()).Non-interference contract.1.m.key|381|97|3|212|80|1|0.8333333134651184|116307
examples/InformationFlow/MiniExamples/mini.MiniExamples(mini.MiniExamples__secure_p1_1()).Non-interference contract.0.m.key|381|97|3|232|83|1|0.8645833134651184|118377
examples/InformationFlow/MiniExamples/mini.MiniExamples(mini.MiniExamples__insecure_p1_2()).Non-interference contract.0.m.key|444|136|3|364|174|0|1.288888931274414|121837
examples/InformationFlow/MiniExamples/mini.MiniExamples(mini.MiniExamples__insecure_p1_1()).Non-interference contract.0.m.key|106|21|1|151|54|0|2.700000047683716|126552
examples/InformationFlow/NewObjects/object.AmtoftBanerjee3(object.AmtoftBanerjee3__m()).Non-interference contract.0.m.key|182|67|1|1285|248|1|3.757575750350952|55650
examples/InformationFlow/NewObjects/object.AmtoftBanerjee(object.AmtoftBanerjee__m_2()).Non-interference contract.0.m.key|620|231|4|1546|572|1|2.4869565963745117|71052
examples/InformationFlow/NewObjects/object.AmtoftBanerjee(object.AmtoftBanerjee__m_1()).Non-interference contract.1.m.key|337|112|4|719|270|0|2.4324324131011963|64772
examples/InformationFlow/NewObjects/object.AmtoftBanerjee(object.AmtoftBanerjee__m_1()).Non-interference contract.0.m.key|406|163|4|564|227|1|1.4012346267700195|76548
examples/InformationFlow/NewObjects/object.AmtoftBanerjee(object.AmtoftBanerjee__getQ()).Non-interference contract.0.m.key|133|40|1|175|72|1|1.8461538553237915|68460
examples/InformationFlow/NewObjects/object.Naumann(object.Naumann__Pair_m(int,int)).Non-interference contract.0.m.key|2428|1972|17|13743|2224|1|1.1283612251281738|118124
examples/InformationFlow/NewObjects/object.ObjectOrientation(object.ObjectOrientation__secure_while_i((Ljava.lang.Object)).Non-interference contract.0.m.key|1622|1398|14|7166|1802|1|1.2899069786071777|138550
examples/InformationFlow/NewObjects/object.ObjectOrientation(object.ObjectOrientation__secure_method_call()).Non-interference contract.0.m.key|656|319|3|571|358|1|1.1257861852645874|85101
examples/InformationFlow/NewObjects/object.ObjectOrientation(object.ObjectOrientation__if_two_object_creation_next()).Non-interference contract.1.m.key|14730|12551|239|37207|36163|0|2.881513833999634|122880
examples/InformationFlow/NewObjects/object.ObjectOrientation(object.ObjectOrientation__if_two_object_creation_next()).Non-interference contract.0.m.key|10569|8691|180|15802|14817|1|1.7050633430480957|148160
examples/InformationFlow/NewObjects/object.ObjectOrientation(object.ObjectOrientation__secure_if_two_object_creation()).Non-interference contract.0.m.key|10564|8712|180|15046|14229|1|1.6334519386291504|126515
examples/InformationFlow/NewObjects/object.ObjectOrientation(object.ObjectOrientation__insecure_two_object_creation()).Non-interference contract.0.m.key|14450|12259|231|37374|36631|0|2.9883341789245605|135947
examples/InformationFlow/NewObjects/object.ObjectOrientation(object.ObjectOrientation__secure_two_object_creation()).Non-interference contract.0.m.key|7180|6238|119|12779|12335|1|1.9777135848999023|145008
examples/InformationFlow/NewObjects/object.ObjectOrientation(object.ObjectOrientation__insecure_object_assignment()).Non-interference contract.1.m.key|147|41|1|10434|10284|0|257.1000061035156|112228
examples/InformationFlow/NewObjects/object.ObjectOrientation(object.ObjectOrientation__insecure_object_assignment()).Non-interference contract.0.m.key|148|43|1|270|114|0|2.7142856121063232|109322
examples/InformationFlow/NewObjects/object.ObjectOrientation(object.ObjectOrientation__secure_object_creation_3()).Non-interference contract.0.m.key|510|245|4|520|282|1|1.1557377576828003|105341
examples/InformationFlow/NewObjects/object.ObjectOrientation(object.ObjectOrientation__secure_object_creation_2()).Non-interference contract.0.m.key|294|101|1|371|155|1|1.5499999523162842|101358
examples/InformationFlow/NewObjects/object.ObjectOrientation(object.ObjectOrientation__secure_object_creation()).Non-interference contract.0.m.key|472|220|4|459|239|1|1.0913242101669312|105039
examples/InformationFlow/NewObjects/object.AmtoftBanerjee2(object.AmtoftBanerjee2__expensive(int)).Non-interference contract.0.m.key|115|40|1|103|33|1|0.8461538553237915|101145
examples/InformationFlow/NewObjects/object.AmtoftBanerjee2(object.AmtoftBanerjee2__cexp(int)).Non-interference contract.0.m.key|3504|1325|49|1835|1275|1|0.962990939617157|126895
examples/InformationFlow/SimpleEvoting/simple_evoting.Environment(simple_evoting.Environment__untrustedOutputMessage((B)).Non-interference contract.0.m.key|523|231|3|7545|414|1|1.7999999523162842|78790
examples/InformationFlow/SimpleEvoting/simple_evoting.Environment(simple_evoting.Environment__untrustedInputMessage()).Non-interference contract.0.m.key|1514|937|34|3622|1219|1|1.302350401878357|89144
examples/InformationFlow/SimpleEvoting/simple_evoting.Environment(simple_evoting.Environment__untrustedOutput(int)).Non-interference contract.0.m.key|55|18|1|114|21|1|1.2352941036224365|85363
examples/InformationFlow/SimpleEvoting/simple_evoting.Environment(simple_evoting.Environment__untrustedInput(int)).Non-interference contract.0.m.key|31|12|1|131|29|0|2.6363637447357178|70973
examples/InformationFlow/SimpleEvoting/simple_evoting.Environment(simple_evoting.Environment__untrustedInput()).Non-interference contract.0.m.key|30|11|1|156|33|0|3.299999952316284|75846
examples/InformationFlow/SimpleEvoting/simple_evoting.SMT(simple_evoting.SMT__send(simple_evoting.Message,int,simple_evoting.Server)).Non-interference contract.1.m.key|11367|1818|8|54238|23391|1|12.873417854309082|185821
examples/InformationFlow/SimpleEvoting/simple_evoting.SMT(simple_evoting.SMT__send(simple_evoting.Message,int,simple_evoting.Server)).Non-interference contract.0.m.key|11689|2117|8|55768|26224|1|12.393195152282715|176264
examples/InformationFlow/SimpleEvoting/simple_evoting.SMTEnv(simple_evoting.SMTEnv__send(int,int,int,simple_evoting.Server,int)).Non-interference contract.0.m.key|615|301|11|1886|689|1|2.2966666221618652|138645
examples/InformationFlow/SimpleEvoting/simple_evoting.NetworkClient(simple_evoting.NetworkClient__send((B,simple_evoting.Server,int)).Non-interference contract.0.m.key|957|609|7|1341|917|1|1.5082236528396606|97102
examples/InformationFlow/SimpleEvoting/simple_evoting.Voter(simple_evoting.Voter__onSendBallot(simple_evoting.Server)).Non-interference contract.1.m.key|6236|730|1|21800|5827|1|7.993141174316406|146152
examples/InformationFlow/SimpleEvoting/simple_evoting.Voter(simple_evoting.Voter__onSendBallot(simple_evoting.Server)).Non-interference contract.0.m.key|6734|1295|4|24828|9812|1|7.58268928527832|160226
